[
  {
    "icon": "fa fa-home",
    "slug": "external",
    "title": "Volver al inicio",
    "path": "index.html"
  }, 
  { 
    "id": 1,
    "icon": "fa fa-play-circle",
    "slug": "introduccion",
    "title": "Introducción",
    "breadcrumb": ["Inicio","Introducción"],
    "path": "pages/introduccion.html"  
  }, 
  { 
    "id": 1,
    "icon": "fa fa-play-circle",
    "slug": "Tecnicas_de_seleccion_de_ideas",
    "title": "1. Técnicas de selección de ideas",
    "breadcrumb": ["Inicio","Introducción"],
    "path": "pages/1-tema.html",    
    "submenu": [
      {
        "icon": "fa fa-file-text",
        "slug": "Tecnicas_de_seleccion_de_ideas",
        "title": "1.1 Método Lambin",
        "anchor": "11"
      },   
      {
        "icon": "fa fa-file-text",
        "slug": "Tecnicas_de_seleccion_de_ideas",
        "title": "1.2 Método Brainstorming (lluvia de ideas)",
        "anchor": "12"
      },
      {
        "icon": "fa fa-file-text",
        "slug": "Tecnicas_de_seleccion_de_ideas",
        "title": "1.3 Método de ponderación",
        "anchor": "13"
      },
      {
        "icon": "fa fa-file-text",
        "slug": "Tecnicas_de_seleccion_de_ideas",
        "title": "1.4 Método DOFA",
        "anchor": "14"
      }     
    ]   
  },
  { 
    "id": 1,
    "icon": "fa fa-file-text",
    "slug": "Diagnostico_del_mercado",
    "title": "2. Diagnóstico del mercado",
    "breadcrumb": ["Inicio","Introducción"],
    "path": "pages/2-tema.html",    
    "submenu": [
      {
        "icon": "fa fa-file-text",
        "slug": "Diagnostico_del_mercado",
        "title": "2.1 Introducción",
        "anchor": "21"
      },   
      {
        "icon": "fa fa-file-text",
        "slug": "Diagnostico_del_mercado",
        "title": "2.2 ¿Qué es el entorno?",
        "anchor": "22"
      },
      {
        "icon": "fa fa-file-text",
        "slug": "Diagnostico_del_mercado",
        "title": "2.3 Macroentorno",
        "anchor": "23"
      },   
      {
        "icon": "fa fa-file-text",
        "slug": "Diagnostico_del_mercado",
        "title": "2.4 Microentorno",
        "anchor": "24"
      }     
    ]   
  },
  { 
    "id": 1,
    "icon": "fa fa-file-text",
    "slug": "Tratados_de_libre_comercio_(TLC)",
    "title": "3. Tratados de libre comercio (TLC)",
    "breadcrumb": ["Inicio","Introducción"],
    "path": "pages/3-tema.html",    
    "submenu": [
      {
        "icon": "fa fa-file-text",
        "slug": "Tratados_de_libre_comercio_(TLC)",
        "title": "3.1 ¿Qué es un Tratado de Libre Comercio?",
        "anchor": "31"
      },   
      {
        "icon": "fa fa-file-text",
        "slug": "Tratados_de_libre_comercio_(TLC)",
        "title": "3.2 Objetivos",
        "anchor": "32"
      },
      {
        "icon": "fa fa-file-text",
        "slug": "Tratados_de_libre_comercio_(TLC)",
        "title": "3.3 El porqué de los TLC",
        "anchor": "33"
      },   
      {
        "icon": "fa fa-file-text",
        "slug": "Tratados_de_libre_comercio_(TLC)",
        "title": "3.4 Tratados de Libre Comercio vigentes",
        "anchor": "34"
      },
      {
        "icon": "fa fa-file-text",
        "slug": "Tratados_de_libre_comercio_(TLC)",
        "title": "3.5 Beneficios de un Tratado de Libre Comercio (TLC) ",
        "anchor": "35"
      },
      {
        "icon": "fa fa-file-text",
        "slug": "Tratados_de_libre_comercio_(TLC)",
        "title": "3.6 Diferencias entre un Tratado de Libre Comercio y un Acuerdo Comercial",
        "anchor": "36"
      }
    ]
  },
  { 
    "id": 1,
    "icon": "fa fa-file-text",
    "slug": "Introduccion_al_plan_de_mercadeo",
    "title": "4. Introducción al plan de mercadeo",
    "breadcrumb": ["Inicio","Introducción"],
    "path": "pages/4-tema.html",    
    "submenu": [
      {
        "icon": "fa fa-file-text",
        "slug": "Introduccion_al_plan_de_mercadeo",
        "title": "4.1 Mapa conceptual “Plan de mercadeo”",
        "anchor": "41"
      },   
      {
        "icon": "fa fa-file-text",
        "slug": "Introduccion_al_plan_de_mercadeo",
        "title": "4.2 Objetivos del plan de mercadeo",
        "anchor": "42"
      },   
      {
        "icon": "fa fa-file-text",
        "slug": "Introduccion_al_plan_de_mercadeo",
        "title": "4.3 Estrategia básica del mercadeo",
        "anchor": "43"
      }
    ]
  }

]